,Col2,Col3,Col4,Col5,Col6,Col7,Col8,Col9,Col10,Col11,Col12,Col13,Col14,Col15,Col16,Col17,Col18,Col19,Col20,Col21,Col22,Col23,Col24,Col25,Col26,Col27,Col28,Col29,Col30,Col31,Col32,Col33,Col34,Col35,Col36,Col37,Col38,Col39,Col40,Col41,Col42,Col43
88,0,0,0,0,0,0,0,0,0,0,0,0,0,0,0,0,0,0,0,0,0,0,0,0,0,0,0,0,0,0,0,0,0,0,0,0,0,0,0,0,0,0
345,0,0,0,0,0,1,0,0,0,0,0,0,0,0,0,0,0,0,0,0,0,0,0,1,0,0,0,1,0,0,0,1,0,0,0,0,0,0,0,0,0,0
384,0,0,2,0,0,0,1,2,1,2,0,0,0,1,1,2,0,1,1,1,1,0,1,0,2,0,0,0,0,2,1,1,1,1,2,0,0,1,0,1,1,0
169,1,0,1,0,0,0,0,0,1,0,0,0,0,0,1,0,0,0,0,0,0,0,0,1,0,0,0,0,0,0,0,0,0,0,0,0,0,1,0,1,0,0
310,1,1,0,0,0,2,1,1,1,1,1,0,1,2,1,1,3,1,0,0,0,0,1,0,1,0,1,0,0,1,1,0,1,0,1,0,1,1,0,0,0,0
222,0,0,1,0,0,0,1,0,0,0,1,1,0,0,0,1,0,0,0,0,0,0,0,0,0,0,1,0,0,1,0,0,0,1,0,0,0,0,0,2,1,1
266,1,0,0,0,0,2,0,0,0,0,0,0,0,1,0,0,0,0,0,0,0,0,0,0,1,0,0,1,0,1,0,0,0,0,0,0,0,0,0,0,0,0
142,0,0,2,0,0,0,0,0,1,2,0,0,1,0,0,0,0,0,0,0,0,1,1,0,1,0,0,0,0,0,0,0,1,2,0,0,0,0,0,0,0,1
104,0,0,0,0,0,0,0,0,0,0,0,0,0,0,0,0,0,0,0,0,0,0,0,0,0,0,0,0,0,0,0,0,0,0,0,0,0,0,0,0,0,0
366,0,0,0,0,0,3,0,0,0,0,0,0,0,2,0,0,0,0,0,0,0,0,0,0,1,0,0,0,0,0,0,2,0,0,0,0,0,0,0,0,0,0
131,0,0,0,0,0,0,0,0,0,0,0,0,0,0,0,0,0,0,0,0,0,0,0,0,0,0,0,0,0,0,0,0,0,0,0,0,0,0,0,0,0,0
5,0,0,2,0,0,0,2,0,0,0,0,0,0,0,1,0,0,0,0,0,0,0,0,0,0,0,0,0,0,1,0,0,0,0,0,0,0,0,0,0,0,0
255,0,0,0,0,0,0,0,1,0,0,0,0,0,0,0,0,0,0,0,0,0,0,0,0,0,0,0,0,0,0,0,0,0,0,0,0,0,0,0,0,0,0
407,3,3,2,3,3,3,3,3,3,3,3,2,3,2,3,2,3,3,2,3,3,3,3,3,3,3,3,3,3,3,3,3,2,3,3,2,3,2,3,3,2,3
213,0,0,0,0,0,0,0,0,0,0,0,0,0,0,0,0,0,0,0,0,0,0,0,0,2,0,0,0,0,0,0,0,0,4,0,0,0,0,0,0,0,0
304,0,0,0,0,0,1,0,0,0,0,0,0,0,0,0,0,0,0,0,0,0,0,0,0,0,0,0,0,0,0,0,0,0,0,0,0,0,0,0,0,0,0
143,0,0,0,0,0,3,0,2,1,0,0,0,0,0,0,0,0,0,0,0,0,0,0,0,0,0,0,0,0,1,1,1,4,0,1,0,0,0,0,0,0,2
340,0,0,1,0,0,0,0,0,0,0,0,0,0,0,0,0,0,0,0,0,0,0,0,0,0,0,0,0,0,0,0,0,0,0,0,0,0,0,0,0,0,0
231,4,3,0,0,2,3,3,0,4,3,0,0,3,2,1,0,0,2,0,0,1,1,2,1,0,1,0,0,0,2,4,0,0,2,0,0,0,4,1,1,1,0
202,0,0,0,0,0,0,0,0,0,0,0,0,0,0,0,0,0,0,0,0,0,0,0,0,0,0,0,0,0,0,0,0,0,0,0,0,0,0,0,0,0,0
358,1,1,1,0,0,0,0,1,1,1,1,0,0,1,0,1,0,1,0,0,0,0,0,0,1,1,0,0,0,1,0,1,0,1,0,0,0,0,0,0,0,0
132,3,0,1,0,0,2,0,0,1,0,0,0,1,2,0,0,0,0,0,0,0,0,0,0,2,0,0,0,0,2,0,0,0,0,0,0,0,1,0,0,0,0
154,0,0,0,0,0,0,0,0,0,0,0,0,0,0,0,0,0,0,0,0,0,0,0,0,0,0,0,0,0,0,0,0,0,0,0,0,0,0,0,0,0,0
254,0,1,0,0,0,0,0,0,0,0,1,0,1,1,1,0,0,0,0,0,1,0,0,0,3,0,0,0,0,2,1,3,1,0,0,0,3,0,0,1,0,0
402,4,2,2,2,2,3,3,3,3,3,4,3,4,3,3,4,3,3,3,3,4,3,3,3,3,4,4,3,2,3,3,3,3,3,3,3,3,3,2,3,2,2
101,0,0,0,0,0,2,0,0,0,0,0,0,0,0,0,0,0,1,0,0,0,0,1,0,0,1,0,0,0,2,1,0,0,2,0,0,0,0,1,0,0,0
243,1,0,1,0,0,0,0,0,0,0,0,0,0,0,0,0,0,0,0,0,0,0,0,1,0,0,0,0,0,0,0,0,1,0,0,0,0,0,0,0,0,1
388,0,0,0,0,0,1,0,0,1,1,1,0,0,0,0,0,0,0,0,0,0,0,0,0,1,0,0,0,0,0,0,0,0,1,0,0,0,1,0,0,0,0
69,0,0,0,0,0,0,0,1,0,0,0,0,1,0,0,1,0,0,0,0,0,0,0,0,0,0,0,0,0,0,0,0,0,0,0,0,0,0,0,0,0,0
393,2,2,3,1,1,4,1,3,2,3,2,2,1,2,2,2,2,2,2,1,1,3,2,3,2,3,3,3,2,3,2,2,2,2,2,2,2,3,3,3,2,2
343,0,1,0,0,0,0,0,1,0,1,0,0,0,0,0,0,0,0,0,0,0,0,0,0,1,0,0,0,0,0,0,0,0,0,0,0,0,0,0,0,0,0
268,0,0,0,0,0,0,0,0,0,1,0,0,0,0,0,0,0,0,0,0,0,0,0,0,1,0,0,0,0,0,0,0,0,0,0,0,0,0,0,0,0,0
45,1,0,2,0,0,2,0,1,1,2,2,0,0,0,1,0,0,2,2,0,0,3,4,3,2,2,1,0,0,1,0,0,0,1,0,0,1,2,1,4,3,0
395,4,4,4,4,4,4,4,4,4,4,4,4,4,4,4,3,4,4,3,4,4,4,3,4,4,3,3,4,4,4,4,4,4,4,4,3,4,4,4,4,4,4
97,3,2,3,0,2,2,2,2,3,2,3,0,2,2,2,2,0,2,2,0,0,2,3,1,2,2,2,0,0,2,2,3,3,3,3,0,3,3,1,2,2,3
76,0,0,0,0,0,0,0,0,0,0,0,0,0,0,0,0,0,0,0,0,0,0,0,0,0,0,0,0,0,0,0,0,0,0,0,0,0,0,0,0,0,0
247,0,0,0,0,0,1,0,0,0,0,0,0,0,0,0,0,0,0,0,0,0,0,0,0,0,0,0,0,0,0,0,0,0,0,0,0,0,0,0,0,0,0
10,0,0,0,0,0,1,0,0,0,0,0,0,0,0,0,0,0,0,0,0,0,0,0,0,3,0,0,0,0,2,0,2,2,0,0,0,0,0,0,0,0,0
365,0,0,2,0,0,1,0,0,0,0,0,0,0,0,0,0,0,0,0,0,0,0,0,0,0,0,0,0,0,0,0,0,0,0,0,0,0,0,0,0,0,0
220,0,0,0,0,0,1,0,0,0,0,0,0,0,0,0,0,0,0,0,0,0,0,0,0,0,0,0,0,0,1,0,0,0,0,0,0,0,0,0,0,0,0
22,0,0,2,2,0,1,2,0,0,0,2,2,1,0,2,0,0,0,0,0,0,0,1,0,0,0,2,3,0,0,2,0,1,0,0,2,4,2,0,0,2,1
49,0,0,1,0,0,0,0,0,0,0,0,0,0,0,0,0,0,0,0,0,0,0,0,0,3,0,0,0,0,0,0,0,0,0,0,0,0,0,0,0,0,0
299,0,0,0,0,0,2,0,0,1,1,0,0,0,2,0,0,1,1,0,0,0,2,0,1,3,2,0,0,2,2,0,3,0,2,0,0,1,0,0,1,2,1
71,0,0,1,0,0,1,0,0,0,0,1,0,0,1,0,0,0,0,0,0,0,0,0,0,1,0,0,0,0,0,0,1,0,4,0,0,0,0,0,0,0,0
152,1,0,0,0,1,1,0,0,0,0,0,0,0,0,0,0,0,0,1,0,0,0,0,0,0,0,0,0,0,0,0,0,0,0,0,0,0,0,0,0,0,0
98,0,0,2,0,0,0,1,0,0,1,0,0,0,1,2,0,0,0,1,0,0,0,2,0,1,0,1,0,0,0,1,0,1,2,0,1,0,1,0,0,2,2
61,1,2,1,1,2,2,2,1,2,1,2,1,1,2,1,1,2,1,1,2,1,1,2,1,2,2,1,1,1,1,2,1,2,2,1,2,1,1,2,1,2,2
48,0,0,1,0,0,0,0,0,0,0,0,0,0,0,0,0,0,0,0,0,0,0,0,0,0,0,0,0,0,0,0,0,0,0,0,0,0,0,0,0,0,0
208,0,0,0,0,0,2,0,1,0,0,0,0,0,0,0,0,0,0,0,0,0,0,1,0,0,0,0,0,0,0,0,0,0,0,0,0,0,0,0,0,0,0
56,0,0,2,0,0,3,1,0,0,1,0,0,0,1,1,0,4,0,1,0,0,1,1,1,3,0,1,1,0,1,0,2,0,0,2,0,1,0,0,0,1,1
271,0,0,2,0,0,0,0,0,0,0,0,0,0,0,0,0,0,0,0,0,0,0,0,0,1,0,0,0,0,0,0,0,0,0,0,0,0,0,0,0,0,0
74,0,0,0,0,0,0,0,0,0,0,0,0,0,0,0,0,0,0,0,0,0,0,0,0,0,0,0,0,0,0,0,0,0,1,0,0,0,0,0,0,0,0
89,0,0,0,0,0,0,0,0,0,0,0,0,0,0,0,0,0,0,0,0,0,0,0,0,0,0,0,0,0,0,0,0,0,0,0,0,0,0,0,0,0,0
249,1,0,0,0,0,1,0,0,0,0,0,0,0,1,0,1,0,0,0,0,0,1,0,0,1,0,0,0,0,1,0,1,2,0,0,0,0,0,0,0,0,0
162,0,0,0,4,0,0,0,0,0,0,0,0,0,0,0,0,1,0,0,0,0,0,0,0,2,0,0,0,0,0,0,0,0,0,0,0,4,0,0,0,0,0
217,0,0,0,0,0,2,0,0,0,0,0,0,0,0,0,0,0,0,0,0,0,0,0,0,0,0,0,0,0,1,0,1,0,0,0,0,0,0,0,0,0,0
126,0,0,0,0,0,1,0,0,1,0,0,0,0,0,0,0,0,0,0,0,0,0,0,0,0,0,0,0,0,0,0,0,0,0,0,0,0,0,0,0,0,0
350,0,1,0,0,0,4,0,0,0,0,0,0,0,0,0,0,0,0,0,0,0,0,0,0,0,0,0,0,0,0,0,0,0,0,0,0,0,0,0,0,0,0
305,2,0,1,0,0,1,0,0,0,0,1,0,0,0,1,0,0,0,0,1,0,1,0,0,0,0,1,0,0,1,0,0,0,0,1,0,1,1,0,0,0,0
324,1,0,3,0,0,0,0,3,0,1,0,2,0,0,0,1,0,0,0,0,0,0,0,0,3,0,1,0,0,0,0,2,1,0,0,0,0,2,0,1,1,0
216,0,0,0,0,0,0,0,0,0,0,0,0,0,0,0,0,0,0,0,0,0,0,0,0,0,0,0,0,0,0,0,0,0,0,0,0,0,0,0,0,0,0
90,2,0,1,0,0,2,0,0,0,0,2,0,0,0,1,0,0,0,1,0,0,1,0,0,0,0,1,0,0,1,0,0,1,0,0,0,0,0,0,0,0,0
267,0,0,0,0,0,1,0,0,0,0,0,0,1,0,0,0,0,0,0,0,0,0,0,1,2,0,0,0,0,0,0,1,0,0,0,0,1,0,0,0,0,0
80,0,0,0,0,0,2,0,0,0,2,2,0,0,3,2,1,0,2,0,0,0,0,2,0,0,2,0,1,0,2,0,3,2,2,1,0,2,0,0,0,1,0
229,0,0,0,4,0,0,0,0,0,0,0,0,0,0,0,0,0,0,0,0,0,0,0,0,3,0,0,0,0,0,0,0,0,0,0,0,0,0,1,1,0,0
258,0,0,1,0,0,0,1,0,0,2,0,0,1,0,1,0,0,1,0,0,0,0,1,0,1,1,0,1,0,0,0,0,0,1,0,0,0,1,1,0,0,0
54,0,0,1,0,0,1,1,0,1,0,3,0,1,1,1,0,0,1,1,0,0,0,0,0,2,0,0,0,0,1,1,1,1,1,0,0,0,0,0,0,0,0
40,0,0,0,0,0,0,0,0,0,0,0,0,0,0,0,0,0,0,0,0,0,0,0,0,0,0,0,0,0,0,0,0,0,0,0,0,0,0,0,0,0,0
163,1,0,0,0,0,0,0,0,1,0,0,0,1,0,0,0,1,0,0,0,0,0,1,0,3,0,0,0,0,1,0,1,0,1,0,0,3,0,0,0,0,0
368,1,2,0,0,0,1,2,3,0,1,2,0,0,2,2,2,0,1,1,0,0,2,2,0,0,0,0,0,2,2,1,0,1,2,2,1,2,2,0,0,0,1
110,0,2,1,0,0,0,1,1,1,0,2,0,0,2,1,0,0,1,0,0,0,0,0,0,0,1,0,0,0,1,1,3,0,1,0,0,0,2,0,0,0,1
357,0,0,0,0,0,3,0,0,0,3,0,0,0,0,0,0,0,1,0,0,0,1,0,0,1,2,0,0,0,0,0,0,0,2,0,0,0,0,4,0,0,0
325,0,0,0,0,0,2,0,0,0,0,1,0,0,0,0,0,0,0,0,0,0,0,1,0,0,0,0,0,0,0,2,0,0,0,0,0,1,0,0,0,0,0
260,2,0,2,0,0,2,0,0,2,0,2,0,0,1,1,0,0,0,0,0,1,0,0,0,2,0,0,0,0,1,1,0,1,1,0,0,0,0,1,1,1,0
241,0,0,0,0,0,0,0,0,0,0,0,0,0,0,0,0,0,0,0,0,0,0,0,0,0,0,0,0,0,0,0,0,0,0,0,0,0,0,0,0,0,0
418,2,3,2,2,3,2,3,3,3,2,2,3,3,3,3,3,2,3,3,3,3,2,3,3,3,3,3,3,3,3,2,3,2,2,3,3,3,2,3,3,3,2
84,1,1,4,0,0,4,0,0,1,0,1,0,0,0,0,1,0,0,0,0,0,0,1,0,1,0,1,0,0,4,0,0,1,1,0,0,2,0,0,1,1,0
342,0,0,2,0,0,0,0,0,0,0,0,0,0,0,0,0,0,0,0,0,0,0,0,3,0,0,0,0,0,0,0,0,0,0,0,0,0,0,0,0,0,0
379,0,0,1,0,0,1,0,0,0,1,0,0,0,0,0,0,0,0,0,0,0,0,0,0,3,0,0,0,0,0,0,1,0,0,0,0,0,0,0,0,0,0
166,0,0,0,0,0,1,1,0,0,0,0,0,0,1,1,2,0,0,0,0,0,0,1,0,0,0,0,0,0,2,1,1,0,0,0,0,1,0,0,0,1,2
58,0,0,0,0,0,3,0,0,1,0,0,0,0,1,0,0,0,0,0,0,0,0,0,0,0,0,0,0,0,1,0,1,0,0,0,0,0,0,0,0,0,0
125,0,2,0,0,0,0,0,0,1,0,0,0,0,2,0,0,0,1,0,0,0,2,1,1,0,0,0,0,0,0,0,1,2,0,0,0,0,0,0,0,0,0
309,1,0,1,0,0,2,1,1,0,1,0,0,1,0,1,0,0,0,0,0,0,1,1,3,1,1,0,0,0,2,2,1,1,1,0,0,1,1,0,1,0,1
6,0,0,0,0,0,0,0,1,0,0,0,0,0,2,0,3,0,1,0,0,0,0,0,0,1,0,0,0,0,2,0,1,1,1,0,0,0,0,0,0,0,0
391,0,0,0,0,0,0,0,0,0,0,0,0,0,0,0,0,0,0,0,0,0,0,0,0,0,0,0,0,0,0,0,0,0,0,0,0,0,0,0,0,0,0
296,0,0,0,0,0,1,0,0,0,0,0,0,0,0,0,0,0,0,0,0,0,0,0,0,0,0,0,0,0,0,0,0,0,1,0,0,0,0,0,0,0,0
165,0,0,0,0,0,2,0,0,0,0,0,0,0,2,1,1,0,0,0,0,0,2,0,0,0,0,0,0,0,3,0,3,1,0,0,0,2,0,0,0,0,0
193,0,1,0,0,0,3,1,0,0,1,2,0,0,1,1,0,0,1,0,0,0,0,0,0,0,1,0,0,0,3,0,0,0,2,0,0,0,0,0,0,0,0
186,0,0,2,0,0,3,0,0,2,0,0,0,0,1,0,0,0,0,2,0,0,3,2,1,1,0,0,0,0,2,2,0,2,0,0,1,2,0,0,0,0,0
246,0,0,0,0,0,0,0,0,0,0,0,0,1,0,0,0,1,0,0,0,0,0,0,0,2,0,0,0,1,0,0,0,0,0,0,0,0,0,0,0,0,0
253,0,1,0,0,0,0,0,0,0,0,0,0,0,1,0,0,0,1,0,0,0,0,0,0,0,0,0,0,0,0,0,0,0,0,0,0,0,0,0,0,0,0
232,1,0,1,0,0,1,0,1,1,0,0,0,0,0,0,0,0,0,0,0,0,0,0,0,0,0,0,0,0,0,0,0,0,0,0,0,0,1,0,0,0,0
85,0,0,1,0,0,3,1,1,1,0,2,0,0,1,1,1,0,0,1,0,0,0,0,0,1,0,1,0,0,1,1,1,1,1,0,1,1,1,0,0,0,0
273,1,0,0,0,0,1,0,0,1,1,0,0,0,0,0,0,0,0,0,0,0,1,0,0,1,0,0,0,0,0,0,0,0,0,0,0,0,0,0,0,0,0
385,0,0,0,0,0,1,0,2,0,0,0,0,0,0,0,0,0,0,0,0,0,0,0,0,1,0,0,0,0,1,0,0,1,2,0,0,0,0,0,0,0,0
321,0,0,0,0,0,0,0,0,0,0,0,0,0,0,0,0,0,0,0,0,0,0,0,0,0,0,0,0,0,0,0,0,0,0,0,0,0,0,0,0,0,0
334,1,0,1,0,0,0,1,2,0,0,0,0,0,2,2,2,0,0,1,0,0,0,1,1,0,0,1,0,0,1,0,0,0,0,1,0,1,1,0,2,2,1
137,4,0,1,0,0,2,1,4,4,4,0,0,0,0,3,0,4,2,1,0,0,4,4,0,4,3,0,0,1,0,1,0,1,2,0,0,1,4,1,1,4,3
363,0,0,1,0,0,1,0,1,1,0,0,0,0,1,0,0,0,0,0,0,0,0,1,0,0,1,0,0,0,0,0,0,0,0,0,0,0,0,0,0,0,1
190,0,0,0,0,0,0,0,0,0,0,0,0,0,0,0,0,0,0,0,0,0,0,0,0,0,0,0,0,0,0,0,0,0,0,0,0,1,0,0,0,0,0
383,1,0,0,0,0,0,0,0,0,1,0,0,0,0,0,0,0,1,0,0,0,2,2,0,0,0,0,0,0,0,0,2,0,0,0,0,0,1,0,0,0,1
211,0,0,0,0,0,0,0,0,0,0,0,0,0,0,0,0,0,0,0,0,0,0,0,0,0,0,0,0,0,0,0,1,0,0,0,0,0,0,0,0,0,0
155,2,0,1,2,0,2,1,0,2,0,0,1,0,1,1,0,2,0,0,0,0,0,0,0,1,0,0,0,0,1,2,0,1,3,1,1,0,0,0,0,0,0
411,2,3,3,3,2,3,3,2,3,3,2,3,2,2,3,2,3,3,2,3,3,3,2,3,3,3,2,3,3,3,2,3,3,2,2,3,2,2,2,3,2,2
140,0,1,0,0,0,1,0,1,2,1,0,1,1,1,1,2,0,0,0,1,1,0,0,0,0,0,0,1,1,1,1,2,1,1,0,0,0,0,0,0,0,2
30,1,0,1,0,0,1,0,0,0,0,0,0,0,0,0,1,0,0,0,0,0,1,2,0,2,0,0,1,0,0,0,0,2,0,0,0,0,1,0,0,0,0
329,0,0,0,0,0,1,0,0,0,0,1,0,0,0,0,0,0,1,0,0,0,0,0,0,0,1,0,0,0,1,0,0,0,1,0,0,0,0,0,0,0,0
146,0,0,0,0,0,0,0,0,0,0,0,0,0,0,0,0,0,0,0,0,0,0,0,0,0,0,0,0,0,0,0,0,0,0,0,0,0,0,0,0,0,0
403,2,3,4,2,4,2,3,4,3,3,3,3,4,3,3,3,3,4,4,4,3,4,4,3,3,4,4,3,4,3,4,4,3,3,3,3,3,4,4,4,3,3
119,2,1,2,0,0,0,0,0,2,1,2,0,0,3,1,1,0,1,0,0,0,1,1,1,0,0,2,0,1,2,2,1,1,1,0,0,0,1,0,0,0,2
286,0,0,1,1,0,1,0,0,0,0,0,0,0,0,0,0,0,0,0,0,0,0,0,0,0,0,0,0,0,0,0,0,0,0,0,0,0,0,0,0,0,0
116,0,0,0,0,0,0,0,0,0,0,0,0,0,0,0,0,0,0,0,0,0,0,0,0,0,0,0,0,0,0,0,0,0,0,0,0,0,0,0,0,0,0
157,0,0,2,0,2,0,0,0,0,0,0,0,0,0,0,0,0,0,0,0,0,0,0,0,0,0,0,0,0,0,0,0,0,0,0,0,0,0,0,0,0,0
34,0,0,0,0,0,0,0,0,0,0,0,0,0,0,0,0,0,0,0,0,0,0,0,0,0,0,0,0,0,0,0,0,0,0,0,0,0,0,0,0,0,0
107,0,1,0,0,0,1,0,0,0,0,0,0,0,0,0,0,0,0,0,0,0,0,0,0,1,0,0,0,0,0,0,0,0,0,0,0,0,0,0,0,0,0
311,0,0,0,0,0,2,0,1,1,2,0,0,0,0,0,1,0,0,0,0,0,1,1,0,2,0,0,0,0,0,1,0,0,0,0,0,0,0,0,0,0,0
387,4,0,0,0,0,0,0,0,0,0,0,0,0,0,0,0,0,0,0,0,0,0,0,0,0,0,0,0,0,0,0,0,0,0,0,0,0,0,0,0,0,4
139,2,2,1,0,0,1,1,1,1,1,1,0,2,0,1,1,1,0,1,1,0,1,1,0,1,1,1,0,0,0,1,0,1,1,1,0,0,1,0,1,1,0
414,2,3,3,3,2,3,2,3,3,3,3,2,2,3,2,3,2,3,2,3,3,3,2,3,3,3,2,3,2,3,3,2,3,3,2,3,3,3,2,3,3,2
230,0,0,0,0,0,0,0,0,0,0,0,0,0,0,0,0,0,0,0,0,0,0,0,0,0,0,0,0,0,0,0,0,0,0,0,0,0,0,0,0,0,0
148,2,0,2,0,0,0,0,4,0,2,0,0,0,0,0,1,0,0,1,1,0,0,0,0,4,0,0,0,0,0,3,2,0,0,0,0,0,0,4,0,0,0
188,0,0,1,0,0,0,0,0,0,0,0,0,0,0,0,0,0,0,0,0,0,0,0,0,0,0,0,0,0,0,0,0,0,0,1,0,0,0,0,0,0,0
129,0,0,0,0,0,0,0,0,0,0,0,0,0,0,0,0,0,0,0,0,0,0,0,0,0,0,0,0,0,0,0,0,0,0,0,0,0,0,0,0,0,0
331,0,0,0,0,0,0,0,0,0,0,1,0,0,1,0,0,0,0,0,0,0,0,0,0,0,0,0,0,0,0,0,0,0,0,0,0,0,0,0,0,0,0
239,1,0,1,0,0,0,0,0,0,0,0,0,1,0,0,0,0,0,0,0,0,0,1,0,1,0,0,0,0,0,0,0,0,0,0,0,0,1,0,0,0,1
237,0,0,1,0,0,0,1,0,1,0,0,0,0,2,0,0,0,2,0,0,0,0,0,0,1,0,0,0,0,2,0,1,0,2,0,0,0,0,2,1,0,0
168,0,0,0,0,0,0,0,0,0,0,0,0,0,0,0,0,0,0,0,0,0,0,0,0,0,0,0,0,0,0,0,0,0,0,0,0,0,0,0,0,0,0
346,1,0,0,0,0,1,0,0,0,0,0,0,0,0,0,0,0,0,0,0,0,0,0,0,1,0,1,0,0,0,1,0,0,0,0,0,0,2,0,0,0,0
375,0,0,1,0,0,1,0,0,0,0,0,0,0,0,0,0,0,0,0,0,0,0,0,0,0,0,0,0,0,0,0,0,0,0,0,0,0,0,0,0,0,0
78,0,0,0,0,0,0,0,0,0,0,0,0,0,0,0,0,0,0,0,0,0,0,0,0,0,0,0,0,0,0,0,0,0,0,0,0,0,0,0,0,0,0
291,0,0,0,0,0,0,0,0,0,0,0,0,0,0,0,0,0,0,0,0,0,0,0,0,2,0,0,0,0,0,0,0,0,0,0,0,0,0,0,0,0,0
261,2,1,3,0,1,2,0,1,1,1,1,0,2,2,1,1,0,2,1,0,0,1,2,0,0,1,1,0,1,3,1,1,2,2,1,0,0,2,2,0,1,3
105,0,0,0,0,0,1,0,0,0,0,0,0,0,0,0,1,0,0,0,0,0,1,0,0,0,0,0,0,0,0,0,0,0,0,0,0,0,0,0,0,0,0
338,0,0,0,0,0,0,1,0,0,1,0,0,0,3,3,0,0,2,0,0,0,0,0,0,0,1,0,0,0,1,1,1,0,1,0,0,0,0,0,0,0,1
364,0,0,1,0,0,0,0,0,0,0,0,0,0,0,0,0,0,0,0,0,0,0,0,0,0,0,0,0,0,0,0,0,0,0,0,0,0,0,0,0,0,0
13,1,0,0,0,0,0,0,0,0,1,0,0,0,1,0,1,0,1,0,0,0,0,0,0,1,0,0,0,0,1,0,0,2,1,0,0,0,0,0,0,0,1
265,0,0,4,0,0,0,0,0,4,0,0,0,0,2,1,4,0,0,0,1,0,0,0,1,0,0,0,1,4,1,0,0,0,1,0,0,4,0,0,0,0,1
277,0,2,0,0,0,1,0,1,0,1,0,0,0,0,0,0,0,0,0,0,0,0,0,0,0,0,0,0,0,1,0,0,0,0,0,0,0,0,0,0,0,0
0,0,0,1,0,0,1,0,1,1,0,0,0,0,1,0,2,0,0,1,0,0,2,0,0,2,0,1,0,0,0,0,2,0,0,0,0,0,1,0,0,0,0
55,0,2,0,0,1,3,0,0,1,1,1,0,1,3,2,3,0,0,0,1,1,0,1,1,0,0,0,0,0,3,2,2,0,1,0,1,0,0,1,0,0,0
161,2,0,1,0,0,0,0,1,1,0,0,0,0,0,0,0,0,0,1,0,0,0,0,0,0,0,0,0,0,0,0,0,0,0,0,0,0,0,0,0,0,0
51,0,0,0,0,0,1,0,0,0,0,0,0,0,0,0,0,0,0,0,0,0,0,0,0,0,0,0,0,0,2,0,0,0,0,0,0,0,0,0,0,0,0
373,0,0,0,0,0,1,1,0,1,0,1,0,0,2,2,1,0,0,2,0,0,3,1,3,0,0,1,0,0,2,3,3,2,0,0,2,0,0,0,2,1,2
252,0,0,2,0,0,0,0,0,0,0,0,0,0,4,0,0,0,0,0,0,0,0,0,0,2,0,0,0,0,0,0,0,0,0,0,0,0,0,0,0,0,0
256,0,0,0,0,0,0,0,0,0,0,0,0,0,0,0,0,0,0,0,0,0,0,0,0,1,0,0,0,0,0,0,1,0,2,0,0,0,0,0,0,0,0
415,2,2,2,3,3,3,3,3,3,2,3,3,2,3,3,3,3,3,3,3,3,2,3,3,2,2,2,3,3,2,2,2,3,3,3,3,2,2,3,2,3,3
50,1,0,2,0,0,1,1,1,1,1,1,1,1,1,1,1,1,1,1,1,0,1,1,1,1,1,1,0,0,1,1,1,1,1,1,1,1,1,1,1,1,1
43,3,2,3,1,2,4,3,3,3,2,2,2,2,3,2,2,3,3,3,0,0,2,1,0,3,2,1,3,1,2,1,2,2,2,1,1,2,1,2,2,2,2
62,0,1,2,0,0,0,0,3,0,0,0,0,0,0,2,2,0,1,0,0,0,0,1,3,1,0,0,0,0,2,1,1,1,2,0,0,0,0,0,0,0,3
109,0,0,0,0,0,1,0,0,0,0,0,0,0,0,0,0,0,0,0,0,0,0,0,0,0,0,0,0,0,0,0,0,0,0,0,0,0,0,0,0,0,0
336,0,0,0,0,0,0,0,1,0,1,0,0,0,0,0,0,0,0,0,0,0,0,0,0,0,0,0,0,0,1,0,0,0,0,0,0,0,0,0,1,0,0
194,0,0,0,0,0,1,0,1,0,0,1,0,0,1,0,0,0,0,0,0,0,0,0,0,0,0,1,0,0,0,1,0,0,0,0,0,0,0,0,0,0,0
212,2,0,0,0,0,0,0,0,0,0,0,0,0,0,0,0,0,0,0,0,0,0,0,0,0,0,0,1,0,0,0,0,0,0,0,0,0,0,0,0,0,0
14,0,0,2,0,0,2,0,0,3,1,2,0,0,2,2,0,1,0,0,0,0,0,0,1,0,0,2,0,0,3,1,4,4,1,4,0,4,2,0,4,4,4
113,2,0,0,0,0,0,0,0,0,0,0,0,0,0,0,0,0,0,0,0,0,0,0,0,2,0,0,2,0,0,0,0,0,2,0,0,0,0,0,0,0,0
294,0,0,0,0,0,0,0,0,0,0,0,0,0,0,0,0,0,0,0,0,0,0,0,0,1,0,0,0,0,0,0,0,0,0,0,0,0,0,0,0,0,0
390,0,1,0,0,0,0,0,0,0,0,0,0,0,0,0,0,0,0,0,0,0,0,0,0,0,1,0,2,0,1,0,0,0,0,0,0,0,0,0,0,0,0
392,0,0,0,0,0,1,0,0,0,0,0,0,0,0,0,0,0,0,0,0,0,0,0,0,0,0,0,0,0,0,0,0,0,0,0,0,0,0,0,0,0,0
275,2,0,1,0,0,2,0,0,0,0,0,0,0,2,0,0,0,0,0,0,0,0,1,0,0,0,0,0,1,1,0,1,1,0,0,0,2,0,0,0,0,0
121,1,0,1,0,0,2,0,2,0,2,0,0,0,1,1,1,0,0,0,0,0,0,0,0,0,1,0,1,0,1,0,2,0,1,0,0,2,1,0,0,0,0
214,1,0,2,0,0,0,0,0,1,0,0,0,0,0,0,0,0,0,0,0,0,0,1,0,0,0,0,0,0,0,0,0,0,0,0,0,0,0,0,0,0,0
103,2,0,0,0,0,0,1,1,1,0,0,0,0,0,0,0,0,0,0,0,0,0,0,0,0,0,0,0,0,1,1,1,0,0,1,0,0,3,0,0,0,1
205,0,0,0,0,0,0,0,0,0,0,0,0,0,0,0,0,0,0,0,0,0,0,0,0,0,0,0,0,0,0,0,0,0,0,0,0,0,0,0,0,0,0
200,0,0,1,0,0,1,0,0,0,0,0,0,0,0,0,0,0,0,1,0,0,0,1,0,0,0,0,0,0,0,0,0,0,0,0,0,0,0,0,0,0,0
333,0,0,0,0,0,0,0,0,0,0,0,0,0,0,0,0,0,0,0,0,0,0,0,0,2,0,0,0,0,0,0,0,0,0,0,0,0,0,0,0,0,0
353,0,0,0,0,0,0,0,0,0,0,0,0,0,0,0,0,0,0,0,0,0,0,0,0,2,0,0,0,0,0,0,0,0,0,0,0,0,0,0,0,0,0
96,0,0,0,0,0,1,0,0,0,0,0,0,0,0,0,0,0,0,0,0,0,0,0,0,0,0,0,0,0,0,0,0,0,0,0,0,0,0,0,0,0,0
11,2,0,0,0,1,3,1,1,1,0,0,0,1,1,1,0,0,0,0,0,0,0,0,0,0,0,0,1,0,1,0,0,0,0,0,0,0,1,0,0,0,0
60,0,0,0,0,0,1,0,0,0,0,0,0,0,0,0,0,0,0,0,0,0,0,0,0,0,0,0,0,0,0,0,0,0,0,0,0,0,0,0,0,0,0
67,0,0,0,0,0,2,0,0,0,0,0,0,0,0,0,0,0,0,0,0,0,0,0,0,1,0,0,0,0,0,0,0,0,0,0,0,0,0,0,0,0,0
57,0,0,0,0,0,1,0,1,0,0,0,0,0,1,1,0,0,0,0,0,0,1,0,1,1,0,0,0,0,1,0,1,0,1,0,0,0,1,0,0,0,0
215,0,1,2,0,0,1,0,0,1,0,0,0,0,1,0,0,1,1,0,0,0,1,0,0,2,0,0,0,0,2,0,1,1,2,0,0,2,0,0,0,0,0
52,0,0,0,0,0,0,0,0,0,0,0,0,0,0,0,0,0,0,0,0,0,0,0,0,0,0,0,0,0,0,0,0,0,0,0,0,0,0,0,0,0,0
326,1,0,1,0,0,1,1,1,1,1,1,0,0,0,1,0,0,0,1,0,0,0,0,0,1,1,0,0,0,0,0,0,1,0,1,0,0,1,0,0,0,0
41,0,0,0,0,0,1,0,0,0,0,0,0,0,1,0,1,0,0,0,0,0,0,1,0,0,0,0,1,1,1,0,0,1,0,1,0,1,0,0,0,0,1
178,0,1,1,0,0,1,0,3,0,0,0,0,0,3,1,2,0,4,1,0,0,0,0,1,1,0,0,0,0,2,1,3,0,0,0,0,3,0,0,0,1,2
72,0,0,1,0,0,0,0,0,0,0,0,0,0,0,0,0,0,0,0,0,0,0,0,0,0,0,0,0,0,0,0,0,0,0,0,0,0,0,0,0,0,0
235,0,0,0,0,0,1,0,1,0,0,0,0,0,0,0,0,0,0,0,0,0,0,0,0,0,0,0,0,0,1,0,1,0,0,0,0,0,0,0,0,0,0
389,0,0,0,0,0,1,1,0,0,0,1,0,0,1,1,1,0,1,0,0,0,0,2,0,0,0,0,0,0,1,0,0,1,1,0,0,2,0,0,0,2,0
94,1,0,1,0,0,1,0,1,1,0,0,0,0,0,0,1,0,0,0,0,0,1,1,0,1,0,0,0,0,0,0,2,1,0,0,0,0,1,0,1,1,2
32,0,0,0,0,0,0,0,0,0,0,0,0,0,3,0,0,0,0,0,0,0,0,0,0,0,0,0,0,0,0,0,0,0,0,0,0,0,0,0,0,0,0
344,0,0,1,0,0,0,0,0,0,0,0,0,0,1,0,0,1,0,0,0,0,0,0,0,0,1,0,0,0,1,0,1,0,1,0,0,1,0,0,0,0,0
276,1,0,0,0,0,0,0,0,0,1,0,0,1,0,0,0,0,1,0,0,0,1,0,0,0,0,0,2,0,1,0,0,1,0,0,0,0,0,0,0,0,1
135,0,0,0,0,0,1,0,1,0,0,0,0,0,0,0,0,0,0,0,0,0,0,1,0,1,0,0,0,0,0,0,0,0,0,0,0,0,0,0,0,1,0
224,0,0,0,0,0,0,0,0,0,0,0,0,0,0,0,0,0,0,0,0,0,0,0,0,0,0,0,0,0,0,0,0,0,0,0,0,0,0,0,0,0,0
118,0,0,1,0,0,0,0,0,0,0,0,0,0,0,0,0,0,0,0,0,0,0,0,0,1,0,0,0,0,1,0,0,0,0,0,0,0,0,0,0,0,0
175,0,0,0,0,0,0,0,0,0,0,0,0,0,0,0,0,0,0,0,0,0,0,0,0,0,0,0,0,0,0,0,0,0,0,0,0,0,0,0,0,0,0
111,0,0,0,0,0,1,0,0,0,0,0,0,0,0,0,0,2,0,0,0,0,0,0,0,0,0,0,0,0,0,0,0,0,0,0,0,0,0,0,0,0,0
36,0,0,0,0,0,2,0,0,0,0,0,0,0,0,0,0,0,0,0,0,0,0,0,0,0,0,0,0,0,0,0,0,0,0,0,0,0,0,0,0,0,0
244,0,2,0,0,0,0,0,0,0,0,0,0,0,0,0,0,0,0,0,0,0,0,0,0,1,1,0,1,0,2,0,0,1,1,0,0,0,0,0,0,4,0
412,2,2,3,2,3,3,3,2,4,2,2,3,3,3,4,3,4,3,4,4,3,2,3,3,2,3,3,3,2,3,3,3,3,3,3,2,3,2,3,3,3,2
409,2,2,2,2,2,2,2,2,2,2,2,2,2,3,3,2,2,3,3,3,3,2,2,3,3,3,3,2,2,3,2,2,2,2,2,2,2,2,2,3,2,3
92,0,0,1,0,0,1,0,0,0,0,0,0,0,1,0,0,0,1,0,0,0,1,0,0,1,0,0,0,0,1,0,1,0,1,0,0,1,0,0,0,0,1
209,0,0,0,0,0,1,0,0,0,0,0,0,0,0,0,0,0,0,0,0,0,0,0,0,0,0,0,0,0,0,0,0,0,0,0,0,0,0,0,0,0,0
198,0,0,0,0,0,0,0,0,0,0,0,0,0,0,0,0,0,0,0,0,0,0,0,0,0,0,0,0,0,0,0,0,0,0,0,0,0,0,0,0,0,0
83,0,0,0,0,0,0,0,1,0,0,0,0,0,0,0,0,0,0,0,0,0,0,0,0,0,0,0,0,0,0,0,1,0,0,0,0,0,0,0,0,0,0
278,0,0,0,0,0,1,0,0,0,0,0,0,0,0,0,0,0,0,0,0,0,0,0,0,0,0,0,0,0,0,0,0,0,0,0,0,0,0,0,0,0,0
417,3,2,3,2,3,3,3,3,3,3,3,2,3,3,3,2,2,2,3,3,3,3,2,3,2,2,3,3,3,2,2,3,3,2,3,2,2,3,2,3,2,2
192,0,0,2,0,0,1,0,0,0,0,1,0,0,1,1,1,0,0,0,0,0,1,0,3,0,0,0,0,0,1,0,1,0,0,0,0,1,0,0,1,0,0
130,1,2,1,0,0,0,0,2,1,2,1,0,0,1,1,1,1,1,1,0,0,1,0,1,2,0,1,0,0,2,0,2,3,0,1,0,1,1,1,1,0,1
242,0,0,2,0,0,3,0,2,0,0,0,0,0,1,0,0,0,1,0,0,0,2,1,0,2,1,1,0,0,1,1,2,0,1,0,0,0,0,0,0,2,2
87,0,0,0,0,0,0,0,0,0,0,0,0,0,0,0,0,0,0,0,0,0,0,0,0,0,0,0,0,0,0,0,0,0,0,0,0,0,0,0,0,0,0
158,0,0,0,0,0,0,0,0,0,0,0,0,0,0,0,0,0,0,0,0,0,0,0,0,0,0,0,0,0,0,0,0,0,0,0,0,0,0,0,0,0,0
262,2,0,0,0,0,0,0,0,0,0,0,0,0,0,0,0,0,0,0,0,0,0,0,0,0,0,0,0,0,0,0,1,0,0,0,0,0,0,0,0,0,0
189,2,0,0,0,0,0,0,3,0,0,0,0,0,0,0,1,0,0,0,0,0,0,0,0,0,0,0,0,0,1,1,4,2,0,0,0,0,0,0,0,0,0
150,0,0,1,0,0,1,0,0,1,0,0,0,0,4,0,0,0,0,0,0,0,0,0,0,0,0,0,0,0,1,0,0,0,0,0,1,0,1,0,0,0,0
117,0,2,0,0,0,3,2,0,0,0,0,0,0,2,2,2,0,0,0,0,0,0,0,0,0,0,2,0,0,1,0,0,0,0,0,0,2,1,0,0,0,0
42,2,1,3,0,0,3,0,2,0,0,0,0,0,1,1,2,0,1,0,0,0,0,1,3,0,0,0,0,0,2,0,1,3,1,0,0,0,2,0,0,0,3
234,2,0,1,0,0,1,0,0,0,0,0,0,0,0,0,0,0,0,0,0,0,1,1,0,2,0,0,1,0,0,0,1,0,0,0,0,1,0,0,0,0,0
144,0,0,3,0,1,1,2,1,0,1,0,0,2,0,0,0,0,0,1,2,1,0,0,0,2,0,0,0,2,0,2,0,0,0,0,2,0,0,0,0,0,0
171,0,0,1,0,0,1,0,0,1,1,1,0,0,2,0,0,0,0,0,0,0,0,0,0,0,0,1,0,0,1,0,0,0,1,0,1,0,3,0,0,0,1
138,1,1,1,2,2,1,3,2,0,0,2,1,2,1,2,1,2,2,3,1,0,1,0,3,3,2,3,0,0,2,2,2,1,1,2,2,0,0,0,0,0,2
128,0,0,2,0,0,0,0,0,3,0,0,0,0,0,0,1,0,0,1,0,0,0,0,0,2,0,0,0,0,0,0,0,0,0,0,0,2,0,0,3,0,0
219,0,0,1,0,0,1,0,1,0,0,0,0,0,0,0,1,0,0,0,0,0,0,0,0,0,0,0,0,0,0,0,0,0,0,0,0,0,0,0,0,0,0
124,2,0,1,0,0,2,0,1,2,0,3,0,0,0,1,0,0,0,1,0,0,1,1,0,1,0,1,2,0,1,1,2,1,0,1,0,0,1,0,0,1,0
408,3,2,2,2,3,3,3,3,2,2,3,3,3,3,2,2,2,2,2,3,3,3,3,3,3,3,3,3,3,2,3,3,3,3,3,3,3,3,3,3,2,2
203,0,0,0,0,0,0,0,0,0,0,0,0,0,0,0,0,0,0,0,0,0,0,0,0,0,0,0,0,0,0,0,0,0,0,0,0,0,0,0,0,0,0
301,0,0,2,0,0,2,1,0,1,2,0,0,0,0,0,0,0,0,0,0,0,0,0,0,1,0,0,0,0,0,0,0,0,0,0,0,1,0,0,0,0,0
182,0,0,0,0,0,1,0,0,0,1,0,0,0,1,0,0,0,0,0,0,0,0,0,0,0,0,0,0,0,0,0,0,0,0,0,0,0,0,0,0,0,0
197,0,0,1,0,0,0,0,0,1,0,0,0,0,0,0,0,0,0,0,0,0,0,0,0,0,0,0,0,0,0,1,0,0,0,0,0,0,0,0,0,0,0
332,0,0,2,0,0,0,0,0,0,0,0,0,0,0,0,0,0,0,0,0,0,0,0,0,0,0,1,0,0,0,0,0,0,0,0,0,0,0,0,0,0,0
16,0,0,0,0,0,2,0,0,0,0,0,0,0,0,0,0,0,0,0,0,0,0,0,0,1,0,0,0,0,1,0,2,0,0,0,0,2,0,0,0,0,0
280,0,0,0,0,0,0,0,0,0,0,0,0,0,0,0,0,0,0,0,0,0,0,0,0,0,0,0,0,0,0,0,0,0,0,0,0,0,0,0,0,0,0
114,0,0,0,0,0,0,0,0,0,0,0,0,0,0,0,0,0,0,0,0,0,0,0,0,0,0,0,0,0,0,0,0,0,0,0,0,0,0,0,0,0,0
100,1,0,0,0,0,3,0,2,0,0,0,0,0,0,0,1,0,2,0,0,0,0,1,3,2,1,0,0,1,3,2,3,1,1,0,0,2,0,0,0,0,0
400,3,3,3,3,4,3,3,3,3,3,4,3,3,4,4,3,3,3,3,4,4,3,3,4,4,3,3,3,4,3,4,4,3,4,4,3,4,3,3,4,3,4
302,0,0,1,0,0,1,0,0,0,0,0,0,0,0,0,0,0,1,1,0,0,2,0,0,2,1,0,0,0,1,0,0,1,1,0,0,0,0,0,0,0,0
410,3,3,2,3,4,2,2,3,3,2,3,3,3,3,3,3,3,3,2,2,3,3,2,3,2,3,2,2,3,3,2,3,2,3,2,3,2,3,2,3,3,3
287,0,0,0,0,0,0,0,0,0,1,0,0,0,0,0,0,0,0,0,0,0,0,0,0,2,0,0,0,0,2,0,0,0,0,0,0,0,0,0,0,0,0
167,0,0,0,0,0,0,0,0,0,0,0,0,0,0,0,0,0,0,0,0,0,0,0,0,0,0,0,0,0,0,0,0,0,0,0,0,0,0,0,0,0,0
300,0,0,1,0,0,0,0,0,0,1,0,0,0,0,0,0,0,0,1,0,0,0,1,0,0,0,0,0,0,0,0,0,0,0,0,0,0,1,0,0,0,0
102,0,0,1,0,0,0,0,0,2,2,0,0,0,2,0,0,0,0,0,2,0,0,0,0,0,0,0,0,0,0,0,0,0,2,0,0,0,4,0,0,0,0
185,1,1,2,0,1,0,1,2,2,2,2,0,2,2,2,2,0,2,2,2,1,2,2,3,1,1,2,0,1,2,2,0,1,2,2,2,2,3,1,2,2,2
46,0,0,0,0,0,0,0,0,0,0,0,0,0,0,0,0,0,0,0,0,0,0,0,0,0,0,0,0,0,0,0,0,0,0,0,0,0,0,0,0,0,0
282,0,0,0,0,0,3,2,2,0,0,0,0,1,0,2,3,0,0,0,0,0,1,3,1,0,0,0,0,0,2,3,0,0,2,0,0,1,0,0,0,2,3
270,0,0,2,0,0,1,0,0,0,2,1,0,0,0,0,0,0,2,2,0,0,0,0,0,2,1,2,0,0,2,0,1,0,1,0,0,1,1,0,0,0,0
323,0,0,0,0,0,1,0,0,0,1,0,0,0,0,0,0,0,0,1,0,0,0,0,0,0,0,0,0,0,0,0,0,0,0,0,0,0,0,0,0,0,0
238,0,0,1,0,0,0,0,0,0,0,0,0,0,0,0,0,0,0,0,0,0,0,0,0,0,0,0,0,0,0,0,0,0,0,0,0,0,0,0,0,0,0
1,0,0,2,0,0,3,1,2,3,3,0,0,0,1,1,0,0,0,0,0,1,1,0,0,1,0,0,0,0,2,0,0,0,1,0,0,0,1,1,0,0,0
347,3,0,1,0,0,0,1,0,0,0,0,0,0,0,0,0,0,0,0,0,0,1,1,1,0,0,0,0,0,0,0,0,0,0,0,0,0,0,0,0,0,2
284,0,0,2,0,0,2,0,0,0,0,0,0,0,0,0,0,0,0,0,0,0,0,0,0,0,0,0,0,0,1,0,1,0,0,0,0,0,0,0,0,0,0
297,0,0,1,0,0,1,0,0,0,1,0,0,0,0,0,0,0,0,0,0,0,0,0,0,0,0,0,0,0,0,0,0,0,0,0,4,0,0,0,0,0,0
380,0,0,2,1,1,2,0,0,0,0,0,0,0,0,0,0,0,0,1,0,0,0,0,0,0,0,0,0,0,0,0,0,0,0,0,0,0,0,0,0,0,0
257,0,0,0,0,0,1,0,0,0,0,0,0,0,0,0,0,0,0,0,0,0,0,0,0,0,0,0,0,0,2,0,0,0,0,0,0,0,0,0,0,0,0
75,1,0,0,0,0,1,0,2,1,1,0,0,0,0,0,0,0,0,0,0,0,0,1,1,2,0,0,2,0,1,0,1,0,0,0,0,0,0,0,0,0,0
112,2,0,1,0,0,3,2,1,3,1,1,0,0,1,1,1,0,1,0,0,0,1,0,0,1,0,1,0,1,3,1,4,2,1,0,0,1,2,1,0,0,1
179,2,0,2,0,0,2,1,1,1,2,1,1,1,1,1,2,1,0,1,0,0,1,1,0,1,0,1,1,1,1,1,1,1,2,1,0,0,1,1,1,1,1
397,3,3,3,3,3,3,3,3,3,3,3,3,3,3,3,3,3,3,3,3,3,3,3,3,3,3,3,3,3,3,3,3,3,3,3,3,3,3,3,3,3,3
108,3,4,3,2,0,4,3,3,2,1,2,0,0,2,4,4,3,1,3,0,0,0,3,3,0,2,4,1,1,4,3,4,4,1,2,2,3,0,1,3,3,4
306,1,0,1,0,0,1,0,1,2,1,1,0,0,0,0,1,0,0,1,0,0,1,0,0,0,0,1,0,0,0,0,1,0,0,0,0,0,1,0,0,0,1
290,0,0,0,0,0,0,0,0,0,0,0,0,0,0,0,0,0,0,0,0,0,0,0,0,0,0,0,0,0,0,0,0,0,1,0,0,0,0,0,0,0,0
153,1,0,0,0,0,0,0,0,0,0,0,0,0,0,0,0,0,0,0,0,0,0,0,0,0,0,0,0,0,0,0,0,0,0,0,0,0,0,0,0,0,0
64,2,0,1,0,0,1,0,0,2,0,1,0,0,1,0,1,0,2,1,0,0,2,0,0,1,0,0,0,0,1,0,1,0,2,1,0,0,1,1,0,1,0
263,4,4,2,0,1,1,0,0,4,4,2,1,3,4,4,1,4,1,2,4,4,4,2,0,4,2,1,2,3,1,4,0,2,1,1,2,0,4,2,0,1,3
316,1,0,0,0,0,1,0,0,0,0,0,0,1,0,0,0,0,0,0,0,0,0,0,0,0,0,0,0,0,0,0,2,0,0,0,0,0,0,0,0,0,0
196,1,0,0,0,0,0,1,0,0,0,0,0,0,1,0,0,0,0,0,0,0,0,0,0,0,0,2,0,0,0,1,0,0,0,0,0,0,0,0,0,0,0
272,0,0,0,0,0,0,0,0,0,0,0,0,0,0,0,0,0,0,0,0,0,0,0,0,0,0,0,0,0,0,0,0,0,0,0,0,0,0,0,0,0,0
73,1,0,0,0,0,0,0,1,2,0,0,0,0,1,0,1,0,0,0,0,0,0,0,0,0,0,0,0,0,1,0,0,0,0,0,0,0,0,0,0,1,0
285,0,0,0,0,1,2,0,0,0,1,0,0,1,1,0,0,0,0,0,1,0,0,1,3,0,0,1,0,0,1,1,1,0,1,0,0,0,0,0,1,1,1
356,2,1,1,0,2,1,1,0,1,1,1,1,1,1,2,2,1,2,2,0,0,1,2,1,2,1,1,1,1,1,1,1,2,1,1,0,1,1,1,1,1,1
28,1,0,0,0,0,0,2,0,0,0,0,0,1,1,0,0,0,0,0,0,0,0,0,3,1,0,0,0,0,0,0,0,1,4,0,0,0,0,0,0,0,1
352,1,0,0,0,0,2,0,2,1,1,2,0,0,1,0,2,0,0,1,0,0,0,0,3,0,1,0,0,0,0,0,0,0,0,1,0,0,1,0,0,1,0
372,0,0,0,0,0,2,0,0,1,0,0,0,0,0,0,0,0,0,0,0,0,1,0,0,2,0,0,0,0,1,0,1,1,0,0,0,0,0,0,0,0,0
17,1,0,1,0,0,3,0,3,0,0,0,0,0,3,1,0,0,2,0,0,0,1,1,0,1,0,0,2,0,2,0,3,2,0,2,0,0,0,0,0,0,3
81,1,0,2,0,0,2,0,1,0,0,1,0,0,2,1,1,0,0,0,0,0,0,0,0,2,0,0,0,0,2,0,2,3,2,0,0,1,1,0,0,0,0
308,0,1,1,0,0,1,0,0,0,0,1,0,0,0,0,0,0,0,1,0,0,0,0,0,0,0,1,0,0,0,0,0,0,0,0,0,0,0,0,0,0,0
151,1,0,0,0,0,1,0,1,0,0,1,0,0,0,0,0,0,1,0,0,0,1,0,0,0,2,0,0,0,1,0,1,0,0,0,0,0,0,0,0,0,0
279,0,0,0,0,0,0,0,0,0,0,0,0,0,1,0,0,0,0,1,0,0,0,0,0,0,0,0,0,0,0,0,2,0,0,0,0,0,0,0,0,1,1
419,2,3,2,3,3,3,3,3,3,2,2,2,2,3,3,2,2,3,3,2,3,2,3,3,3,2,2,3,3,3,2,2,3,2,2,3,3,2,3,3,3,3
133,0,0,0,0,0,0,0,0,0,0,0,0,0,0,0,0,0,0,0,0,0,0,0,0,1,0,0,0,0,0,0,0,0,0,0,0,0,0,0,0,0,0
99,0,3,2,0,0,0,0,2,2,3,2,0,2,2,2,4,0,4,4,1,0,1,0,4,4,4,2,0,0,1,1,1,3,0,2,0,1,0,0,1,0,3
176,0,0,3,0,0,0,0,0,0,0,4,0,0,0,1,0,0,0,2,0,0,0,2,0,4,0,2,3,0,0,1,0,0,0,0,0,0,0,0,0,1,2
396,4,3,3,3,3,3,3,3,3,3,3,3,3,3,3,3,3,3,3,3,3,3,3,3,3,3,3,3,3,3,3,3,3,3,4,3,3,3,3,3,3,3
322,0,0,0,0,0,0,0,1,0,0,0,0,0,0,0,0,0,0,0,0,0,0,0,0,0,0,0,0,0,0,0,0,0,3,0,0,0,0,0,0,0,0
33,1,0,0,0,0,0,0,0,1,1,0,0,0,1,0,0,2,1,1,0,0,0,0,0,0,0,0,0,0,0,0,0,0,0,0,0,0,0,0,0,0,0
53,0,0,0,0,0,1,0,0,0,0,0,0,0,0,0,0,0,0,0,0,0,0,0,0,0,0,0,0,0,0,0,0,0,0,0,0,0,0,0,0,0,0
360,0,0,0,0,0,1,0,0,1,0,0,0,0,0,0,0,0,0,0,0,0,0,0,0,0,0,0,0,0,0,0,1,0,0,0,0,0,0,1,0,0,0
187,0,0,0,0,0,1,0,0,0,0,0,0,0,0,0,0,0,0,0,0,0,0,0,0,1,0,0,0,0,0,0,0,0,0,0,0,0,0,0,0,0,0
295,0,0,0,0,0,0,0,1,1,0,0,0,1,0,0,0,0,0,0,0,1,0,0,0,1,0,0,0,0,0,0,0,0,0,0,0,0,0,0,0,0,0
354,0,0,1,0,0,1,0,0,0,0,0,0,0,0,0,0,0,0,0,0,0,0,0,0,0,0,0,0,0,1,0,0,0,0,0,0,0,0,0,0,0,0
93,3,4,3,3,0,0,3,4,4,4,0,1,0,3,4,4,0,4,0,0,0,3,3,3,1,4,0,1,0,4,4,1,2,2,2,3,3,4,1,4,4,4
327,0,0,1,0,0,0,0,0,0,0,0,0,0,0,0,0,0,0,0,0,0,0,0,0,0,0,0,0,0,0,0,0,0,0,0,0,0,0,0,0,0,0
318,0,0,1,0,0,0,0,0,0,0,0,0,0,0,0,0,0,0,0,0,0,0,0,0,0,0,0,0,0,0,0,0,0,0,0,0,0,0,0,0,0,0
204,1,2,2,0,1,1,1,0,2,4,0,0,1,0,1,0,1,1,0,0,0,1,0,0,2,2,0,3,0,0,1,1,4,2,0,0,0,1,1,0,1,2
374,0,0,0,0,0,1,1,0,1,0,1,0,0,2,2,1,0,0,2,0,0,3,1,3,0,0,1,0,0,2,3,3,2,0,0,2,0,0,0,2,1,2
218,0,0,0,0,0,0,1,1,0,0,0,0,0,0,0,0,0,0,0,0,0,0,0,0,0,0,0,0,0,0,0,0,0,0,0,0,0,0,0,0,0,0
259,0,0,0,0,0,0,0,0,0,0,0,0,0,1,0,0,0,0,0,0,0,0,0,0,0,0,0,0,0,0,0,2,0,0,0,0,0,0,0,1,0,0
307,0,0,1,0,0,1,0,0,2,1,2,0,0,1,0,0,1,1,1,0,0,2,0,1,1,1,1,0,0,1,1,1,3,3,1,0,0,1,2,0,0,1
341,1,0,0,0,0,0,0,0,0,0,0,0,0,0,0,1,0,0,0,0,0,0,0,0,0,0,1,0,0,0,0,0,0,0,0,0,0,0,0,0,0,0
288,1,0,0,1,0,4,0,1,0,0,0,0,0,1,1,0,0,0,1,0,0,0,1,0,2,0,0,1,0,3,0,1,0,1,0,0,3,0,0,0,0,0
250,0,0,0,0,0,2,0,0,0,0,0,0,0,0,0,0,0,0,0,0,0,0,0,0,0,0,0,0,0,0,0,0,0,0,0,0,0,0,0,0,0,0
79,2,0,0,1,2,1,2,0,0,2,0,0,2,2,2,2,0,1,0,0,0,1,1,1,1,2,0,1,0,2,1,1,1,1,1,2,3,2,3,3,2,3
15,4,1,0,0,0,2,0,0,0,0,1,0,0,0,0,0,0,0,0,0,0,0,0,0,0,0,0,0,0,0,0,0,0,0,0,0,0,0,0,0,0,0
339,0,0,0,0,0,2,0,0,0,0,0,0,0,0,0,1,0,0,0,0,0,0,1,0,3,0,0,0,0,0,0,0,1,0,0,0,0,0,0,1,0,0
159,0,1,0,0,1,0,1,1,0,1,1,0,1,0,1,1,0,2,0,0,0,0,1,0,0,2,1,0,0,2,1,1,1,2,1,0,1,0,1,2,1,1
4,0,0,0,0,0,0,0,0,0,1,0,0,0,1,0,0,0,0,0,0,0,0,0,0,3,0,0,0,0,0,0,0,0,0,0,0,0,1,0,0,0,0
177,0,1,0,0,0,0,1,0,0,2,0,0,0,0,3,0,0,4,0,0,0,0,0,0,0,2,1,0,0,0,1,0,0,0,0,0,0,0,2,0,1,0
394,3,3,4,4,3,4,3,3,3,3,3,3,3,3,4,3,4,3,3,3,3,4,4,4,4,4,3,3,3,4,4,3,3,4,3,3,4,4,3,3,3,3
174,0,2,0,0,0,2,0,0,2,2,0,0,0,0,0,0,0,0,0,0,0,0,0,0,1,0,0,0,0,0,0,0,0,0,0,0,0,0,0,0,0,0
225,1,0,1,0,0,0,0,0,0,0,0,0,0,0,0,0,0,0,0,0,0,0,0,0,0,0,0,0,0,0,0,0,0,0,0,0,0,0,0,0,0,0
170,0,0,0,0,0,1,0,0,0,0,0,0,0,0,0,0,0,0,0,0,0,0,0,0,1,0,0,2,0,0,0,0,1,0,0,0,0,1,0,0,0,0
191,1,0,0,0,0,1,0,1,0,0,1,0,0,0,0,0,0,1,0,0,0,1,0,0,0,2,0,0,0,1,0,1,0,0,0,0,0,0,0,0,0,0
127,0,0,0,0,0,0,0,0,0,0,0,0,0,0,0,0,0,0,0,0,0,0,0,0,1,0,0,0,0,0,0,0,0,0,0,0,0,0,0,0,0,0
2,2,2,2,0,0,2,0,0,0,0,0,0,0,0,0,0,0,0,0,0,0,0,0,0,1,0,0,0,0,0,0,0,0,0,0,0,0,0,0,0,0,0
369,0,0,1,2,2,2,2,3,0,0,1,0,2,4,3,3,0,1,0,1,1,0,1,1,0,0,1,1,0,2,3,2,3,3,0,1,2,1,0,1,1,2
141,0,0,0,0,0,0,1,0,1,2,0,0,1,0,0,0,0,1,0,0,0,0,1,0,2,0,0,0,0,0,1,0,0,0,0,0,0,0,0,0,0,0
25,0,0,2,0,0,2,0,0,0,0,0,0,0,0,0,0,0,0,0,0,0,0,0,0,0,0,0,1,0,0,1,1,0,4,0,0,0,0,0,0,0,0
24,0,0,1,0,0,0,0,0,0,0,0,0,0,0,0,0,0,0,0,0,0,0,0,0,0,0,0,0,0,0,0,0,0,0,0,0,0,0,0,0,0,0
293,0,0,0,0,0,0,0,0,0,0,0,0,0,0,0,0,0,0,0,0,0,0,0,0,0,0,0,0,0,2,0,2,0,0,0,0,0,0,0,0,0,0
240,0,0,2,0,0,1,0,0,0,0,0,0,0,0,0,0,0,0,1,0,0,1,1,1,0,1,0,0,0,0,0,0,0,0,0,0,0,0,0,0,0,0
312,0,0,4,0,0,2,0,0,0,1,0,0,0,0,0,0,0,0,1,0,0,0,0,0,0,0,0,0,0,1,0,0,0,0,0,0,0,2,0,0,0,0
31,0,1,0,0,0,3,1,2,1,0,2,0,1,1,2,0,0,1,0,0,0,4,1,0,0,0,1,0,0,2,1,2,2,0,1,0,0,0,0,0,0,0
328,1,0,1,0,0,3,1,0,4,4,0,0,0,1,1,0,0,0,0,0,0,0,0,0,2,0,1,0,1,1,2,4,2,2,0,0,0,0,0,1,1,3
184,0,1,0,0,0,0,0,2,0,1,0,0,0,0,0,1,0,0,0,0,0,0,0,0,1,2,0,1,0,2,0,0,0,4,0,0,0,0,1,0,0,1
19,0,0,0,0,0,0,0,0,0,0,0,0,0,0,0,0,0,0,0,0,0,0,0,0,0,0,0,0,0,0,0,0,0,0,0,0,0,0,0,0,0,0
